table_id,table_content,source,table_page,table_class
562ff67f-e4e0-4423-924e-f4a34ba6ed15,"[['Nameplate', 'Information']] [['Nameplate', 'Information'], [], [], [], []] [['Manufacturer:'], ['Westinghouse'], ['Type:'], ['SPB100']] [['Model:'], ['SPB'], ['Serial', 'Number:'], ['N/A']] [['Catalog', 'Number:'], ['N/A'], ['Voltage', 'Rating:'], ['600', 'V', 'AC']] [['Frame', 'Ampere', 'Rating:'], ['1600'], ['Interrupting', 'kA', 'Rating:'], ['100', 'kA', '@', '480', 'V']] [['Tripping', 'Voltage:'], ['N/A'], ['Charging', 'Voltage:'], ['N/A']] [['Closing', 'Voltage:'], ['N/A'], ['Shunt', 'Trip', 'Voltage', 'Rating:'], ['N/A']]",textract_results_d84321db1a0a4854fc8accc7fbb9faa470dcb7cf56ce3b111aa73b93eabd9362.json,1,KVP
7121017e-79db-43cf-ad31-357c9a54c86e,"[['Customer:'], ['American', 'Family', 'Insurance']] [['Address:'], ['6000', 'American', 'Parkway', '-', 'Madison,', 'WI', '53783']] [['Owner:'], ['American', 'Family', 'Insurance']] [['Address:'], ['6000', 'American', 'Parkway', '-', 'Madison,', 'WI', '53783']]",textract_results_d84321db1a0a4854fc8accc7fbb9faa470dcb7cf56ce3b111aa73b93eabd9362.json,1,KVP
c4a43d39-a8c2-45ea-b31f-af64227f86f7,"[['Trip', 'Unit', 'Information']] [['Trip', 'Unit', 'Information'], [], [], [], []] [['Manufacturer:'], ['Westinghouse'], ['Trip', 'Module', 'Ampere', 'Rating:'], ['1200']] [['Catalog', 'Number:'], ['N/A'], ['Model:'], ['Digitrip', 'RMS', '600']] [['Sensor', '(CT)', 'Ampere', 'Rating:'], ['1200'], ['Plug', 'Ampere', 'Rating:'], ['1200']]",textract_results_d84321db1a0a4854fc8accc7fbb9faa470dcb7cf56ce3b111aa73b93eabd9362.json,1,KVP
c6cff24b-ec02-4101-8524-252cddd9c292,"[['Date:'], ['5/23/21']] [['Work', 'Order:'], ['15129']] [['Temperature:'], ['25', '°C']] [['Humidity:'], ['69', '%']]",textract_results_d84321db1a0a4854fc8accc7fbb9faa470dcb7cf56ce3b111aa73b93eabd9362.json,1,KVP
dbf9004f-18b8-48e1-9563-b2c77ca474e4,"[['Trip', 'Unit', 'Settings']] [['Trip', 'Unit', 'Settings'], [], [], [], [], []] [['Element'], ['Ranges'], ['As', 'Found'], ['As', 'Left'], ['As', 'Tested']] [['Long', 'Time', 'Element', 'Settings'], [], [], [], [], []] [['Long', 'Time', 'Pick', 'Up:'], ['0.5', '1'], ['1'], ['1'], ['1']] [['Long', 'Time', 'Delay:'], ['2', '24'], ['4'], ['4'], ['7']] [['Short', 'Time', 'Element', 'Settings'], [], [], [], [], []] [['Short', 'Time', 'Pick', 'Up:'], ['2', '8'], ['3'], ['3'], ['4']] [['Short', 'Time', 'Delay:'], ['0.1', '0.5'], ['0.1'], ['0.1'], ['0.1']] [['I T:'], ['In', '/', 'Out'], ['Out'], ['Out'], ['In']] [['Ground', 'Fault', 'Element', 'Settings'], [], [], [], [], []] [['Ground', 'Fault', 'Pick', 'Up:'], ['A', 'K'], ['H'], ['H'], ['C']] [['Ground', 'Fault', 'Delay:'], ['0.1', '0.5'], ['0.1'], ['0.1'], ['0.1']] [['I T:'], ['In', '/', 'Out'], ['Out'], ['Out'], ['In']] [['Instantaneous', 'Element', 'Settings'], [], [], [], [], []] [['Instantaneous', 'Pick', 'Up:'], ['2', '10'], ['10'], ['10'], ['4']]",textract_results_d84321db1a0a4854fc8accc7fbb9faa470dcb7cf56ce3b111aa73b93eabd9362.json,1,BIGRID_STACKED
2d242a7e-2d44-47f6-8b55-d2877484be4c,"[['Visual', 'Inspection']] [['Visual', 'Inspection'], [], [], [], []] [['Circuit', 'Breaker:'], ['Cleaned'], ['Arc', 'Chutes:'], ['Normal']] [['Operating', 'Mechanism:'], ['Normal'], ['Cubicle:'], ['Normal']] [['Electrical', 'Connections:'], ['Normal'], ['Grounded:'], ['Yes']] [['Main', 'Contacts:'], ['Normal'], ['Auxiliary', 'Devices:'], ['N/A']] [['Arcing', 'Contacts:'], ['Normal'], ['Panel', 'Lights:'], ['N/A']] [['Contact', 'Sequence:'], ['Normal'], ['Racking', 'Mechanism'], ['N/A']] [['Auxiliary', 'Contacts:'], ['N/A'], ['Shunt', 'Trip', 'Operation:'], ['N/A']]",textract_results_d84321db1a0a4854fc8accc7fbb9faa470dcb7cf56ce3b111aa73b93eabd9362.json,2,KVP
62a59869-28f7-44c3-8f9e-83beb9a0429a,"[['Tested', 'By:', 'Mike', 'Ney,', 'Chris', 'Wenzel', '&', 'Jake', 'Stabb'], ['Comments:', 'The', 'circuit', 'breaker', 'is', 'acceptable', 'for', 'operation.'], ['Trip', 'Tests']] [['Trip', 'Tests'], [], [], [], [], []] [['Long', 'Time', 'Elements'], [], ['Pole', '#1'], ['Pole', '#2'], ['Pole', '#3']] [['Long', 'Time', 'Delay', 'in', 'Seconds', 'at', '300', '%', 'Pick', 'Up'], [], ['As', 'Found:'], ['22.4'], ['22.4'], ['22.4']] [['Equal', 'to', '3600', 'Amps'], ['As', 'Left:'], ['22.4'], ['22.4'], ['22.4']] [['Manufacturers', 'Curve', '18.7', 'to', '28', 'Seconds'], [], [], [], [], []] [['Short', 'Time', 'Elements'], [], [], [], []] [['Short', 'Time', 'Delay', 'in', 'Seconds', 'at', '150', '%', 'Pick', 'Up'], [], ['As', 'Found:'], ['0.25'], ['0.25'], ['0.25']] [['Equal', 'to', '7200', 'Amps'], ['As', 'Left:'], ['0.25'], ['0.25'], ['0.25']] [['Manufacturers', 'Curve', '0.14', 'to', '0.28', 'Seconds'], [], [], [], [], []] [['Ground', 'Fault', 'Elements'], [], [], [], []] [['Ground', 'Fault', 'Delay', 'in', 'Seconds', 'at', '150', '%', 'Pick', 'Up'], [], ['As', 'Found:'], ['0.23'], ['0.23'], ['0.23']] [['Equal', 'to', '630', 'Amps'], ['As', 'Left:'], ['0.23'], ['0.23'], ['0.23']] [['Manufacturers', 'Curve', '0.12', 'to', '0.24', 'Seconds'], [], [], [], [], []] [['Instantaneous', 'Elements'], [], [], [], []] [['Instantaneous', 'Pick', 'Up', 'in', 'Amperes'], [], ['As', 'Found:'], ['5072'], ['5072'], ['5072']] [['Manufacturers', 'Curve', '4320', 'to', '5280', 'Amperes'], ['As', 'Left:'], ['5072'], ['5072'], ['5072']]",textract_results_d84321db1a0a4854fc8accc7fbb9faa470dcb7cf56ce3b111aa73b93eabd9362.json,2,BIGRID_STACKED
6f354553-c671-4159-bee9-0122b84e8a45,"[['Operational', 'Tests']] [['Operational', 'Tests'], [], [], [], []] [['Manual', 'Open:'], ['OK'], ['Manual', 'Close:'], ['OK']] [['Electrically', 'Open:'], ['N/A'], ['Electrically', 'Close:'], ['N/A']] [['Manually', 'Charge:'], ['OK'], ['Electrically', 'Charge:'], ['N/A']] [['Trip', 'with', 'Protective', 'Devices:'], ['OK'], [], []]",textract_results_d84321db1a0a4854fc8accc7fbb9faa470dcb7cf56ce3b111aa73b93eabd9362.json,2,KVP
c899f0c7-153b-4ba4-bebb-04826e237bcb,"[['Insulation', 'Resistance', 'Tests'], [], [], ['Pole', '#1'], ['Pole', '#2'], ['Pole', '#3']] [['Insulation', 'Resistance', 'Pole', 'to', 'Pole', 'in', 'Ohms'], [], ['As', 'Found:'], ['38.1', 'G'], ['29.2', 'G'], ['14.1', 'G']] [['at', '1', 'kV', 'DC', 'with', 'Contacts', 'Closed'], ['As', 'Left:'], ['38.1', 'G'], ['29.2', 'G'], ['14.1', 'G']] [['Insulation', 'Resistance', 'Across', 'Pole', 'in', 'Ohms'], [], ['As', 'Found:'], ['>100', 'G'], ['>100', 'G'], ['71.5', 'G']] [['at', '1', 'kV', 'DC', 'with', 'Contacts', 'Opened'], ['As', 'Left:'], ['>100', 'G'], ['>100', 'G'], ['71.5', 'G']]",textract_results_d84321db1a0a4854fc8accc7fbb9faa470dcb7cf56ce3b111aa73b93eabd9362.json,2,BIGRID_STACKED
d5e7e4f8-5d57-41a6-84f5-9490de9b3ecf,"[['Contact', 'Resistance', 'Tests']] [['Contact', 'Resistance', 'Tests'], [], [], ['Pole', '#1'], ['Pole', '#2'], ['Pole', '#3']] [['Resistance', 'in', 'Micro-Ohms'], [], ['As', 'Found:'], ['18'], ['21'], ['22']] [[], ['As', 'Left:'], ['18'], ['21'], ['22']]",textract_results_d84321db1a0a4854fc8accc7fbb9faa470dcb7cf56ce3b111aa73b93eabd9362.json,2,BIGRID
3aaefac2-af86-491b-b895-2bafd42497e4,"[['Trip', 'Unit', 'Settings']] [['Trip', 'Unit', 'Settings'], [], [], [], [], []] [['Element'], ['Ranges'], ['As', 'Found'], ['As', 'Left'], ['As', 'Tested']] [['Long', 'Time', 'Element', 'Settings'], [], [], [], [], []] [['Long', 'Time', 'Pick', 'Up:'], ['0.5', '1'], ['1'], ['1'], ['1']] [['Long', 'Time', 'Delay:'], ['2', '24'], ['7'], ['7'], ['7']] [['Short', 'Time', 'Element', 'Settings'], [], [], [], [], []] [['Short', 'Time', 'Pick', 'Up:'], ['2', '8'], ['3'], ['3'], ['3']] [['Short', 'Time', 'Delay:'], ['0.1', '0.5'], ['0.1'], ['0.1'], ['0.1']] [['IT:'], ['In', '/', 'Out'], ['In'], ['In'], ['In']] [['Ground', 'Fault', 'Element', 'Settings'], [], [], [], [], []] [['Ground', 'Fault', 'Pick', 'Up:'], ['A', 'K'], ['C'], ['C'], ['C']] [['Ground', 'Fault', 'Delay:'], ['0.1', '0.5'], ['0.1'], ['0.1'], ['0.1']] [['I T:'], ['In', '/', 'Out'], ['In'], ['In'], ['In']] [['Instantaneous', 'Element', 'Settings'], [], [], [], [], []] [['Instantaneous', 'Pick', 'Up:'], ['2', '10'], ['4'], ['4'], ['4']]",textract_results_d84321db1a0a4854fc8accc7fbb9faa470dcb7cf56ce3b111aa73b93eabd9362.json,3,BIGRID_STACKED
60723d1d-4912-4faa-b707-703da7373ea0,"[['Customer:'], ['American', 'Family', 'Insurance']] [['Address:'], ['6000', 'American', 'Parkway', '-', 'Madison,', 'WI', '53783']] [['Owner:'], ['American', 'Family', 'Insurance']] [['Address:'], ['6000', 'American', 'Parkway', '-', 'Madison,', 'WI', '53783']]",textract_results_d84321db1a0a4854fc8accc7fbb9faa470dcb7cf56ce3b111aa73b93eabd9362.json,3,KVP
810b91cb-acf1-430c-911b-d7cfca66925d,"[['Trip', 'Unit', 'Information']] [['Trip', 'Unit', 'Information'], [], [], [], []] [['Manufacturer:'], ['Westinghouse'], ['Trip', 'Module', 'Ampere', 'Rating:'], ['800']] [['Catalog', 'Number:'], ['N/A'], ['Model:'], ['Digitrip', 'RMS', '600']] [['Sensor', '(CT)', 'Ampere', 'Rating:'], ['800'], ['Plug', 'Ampere', 'Rating:'], ['800']]",textract_results_d84321db1a0a4854fc8accc7fbb9faa470dcb7cf56ce3b111aa73b93eabd9362.json,3,KVP
9054b810-ee01-4485-9887-4859522c3fda,"[['Nameplate', 'Information']] [['Nameplate', 'Information'], [], [], [], []] [['Manufacturer:'], ['Westinghouse'], ['Type:'], ['SPB100']] [['Model:'], ['SPB'], ['Serial', 'Number:'], ['N/A']] [['Catalog', 'Number:'], ['N/A'], ['Voltage', 'Rating:'], ['600', 'V', 'AC']] [['Frame', 'Ampere', 'Rating:'], ['800'], ['Interrupting', 'kA', 'Rating:'], ['100', 'kA', '@', '480', 'V']] [['Tripping', 'Voltage:'], ['N/A'], ['Charging', 'Voltage:'], ['N/A']] [['Closing', 'Voltage:'], ['N/A'], ['Shunt', 'Trip', 'Voltage', 'Rating:'], ['N/A']]",textract_results_d84321db1a0a4854fc8accc7fbb9faa470dcb7cf56ce3b111aa73b93eabd9362.json,3,KVP
da0557b1-5911-40c0-86b6-7fd47433fdd4,"[['Date:'], ['5/23/21']] [['Work', 'Order:'], ['15129']] [['Temperature:'], ['25', '°C']] [['Humidity:'], ['69', '%']]",textract_results_d84321db1a0a4854fc8accc7fbb9faa470dcb7cf56ce3b111aa73b93eabd9362.json,3,KVP
1bdcd764-1975-4800-bf3e-e749a788b59d,"[['Tested', 'By:', 'Mike', 'Ney,', 'Chris', 'Wenzel', '&', 'Jake', 'Stabb'], ['Comments:', 'The', 'circuit', 'breaker', 'is', 'acceptable', 'for', 'operation.'], ['Trip', 'Tests']] [['Trip', 'Tests'], [], [], [], [], []] [['Long', 'Time', 'Elements'], [], ['Pole', '#1'], ['Pole', '#2'], ['Pole', '#3']] [['Long', 'Time', 'Delay', 'in', 'Seconds', 'at', '300', '%', 'Pick', 'Up'], [], ['As', 'Found:'], ['22.7'], ['22.7'], ['22.7']] [['Equal', 'to', '2400', 'Amps'], ['As', 'Left:'], ['22.7'], ['22.7'], ['22.7']] [['Manufacturers', 'Curve', '18.7', 'to', '28', 'Seconds'], [], [], [], [], []] [['Short', 'Time', 'Elements'], [], [], [], []] [['Short', 'Time', 'Delay', 'in', 'Seconds', 'at', '150', '%', 'Pick', 'Up'], [], ['As', 'Found:'], ['0.38'], ['0.38'], ['0.38']] [['Equal', 'to', '3600', 'Amps'], ['As', 'Left:'], ['0.38'], ['0.38'], ['0.38']] [['Manufacturers', 'Curve', '0.14', 'to', '0.28', 'Seconds'], [], [], [], [], []] [['Ground', 'Fault', 'Elements'], [], [], [], []] [['Ground', 'Fault', 'Delay', 'in', 'Seconds', 'at', '150', '%', 'Pick', 'Up'], [], ['As', 'Found:'], ['0.23'], ['0.23'], ['0.23']] [['Equal', 'to', '420', 'Amps'], ['As', 'Left:'], ['0.23'], ['0.23'], ['0.23']] [['Manufacturers', 'Curve', '0.12', 'to', '0.24', 'Seconds'], [], [], [], [], []] [['Instantaneous', 'Elements'], [], [], [], []] [['Instantaneous', 'Pick', 'Up', 'in', 'Amperes'], [], ['As', 'Found:'], ['3376'], ['3376'], ['3376']] [['Manufacturers', 'Curve', '2880', 'to', '3520', 'Amperes'], ['As', 'Left:'], ['3376'], ['3376'], ['3376']]",textract_results_d84321db1a0a4854fc8accc7fbb9faa470dcb7cf56ce3b111aa73b93eabd9362.json,4,BIGRID_STACKED
3a3c9ced-dc13-42ec-8950-5dc7f3095dbb,"[['Insulation', 'Resistance', 'Tests'], [], [], ['Pole', '#1'], ['Pole', '#2'], ['Pole', '#3']] [['Insulation', 'Resistance', 'Pole', 'to', 'Pole', 'in', 'Ohms'], [], ['As', 'Found:'], ['42.0', 'G'], ['16.3', 'G'], ['27.8', 'G']] [['at', '1', 'kV', 'DC', 'with', 'Contacts', 'Closed'], ['As', 'Left:'], ['42.0', 'G'], ['16.3', 'G'], ['27.8', 'G']] [['Insulation', 'Resistance', 'Across', 'Pole', 'in', 'Ohms'], [], ['As', 'Found:'], ['>100', 'G'], ['>100', 'G'], ['>100', 'G']] [['at', '1', 'kV', 'DC', 'with', 'Contacts', 'Opened'], ['As', 'Left:'], ['>100', 'G'], ['>100', 'G'], ['>100', 'G']]",textract_results_d84321db1a0a4854fc8accc7fbb9faa470dcb7cf56ce3b111aa73b93eabd9362.json,4,BIGRID_STACKED
3df353fe-8dfa-4af2-9230-cbe25b4ce9b7,"[['Contact', 'Resistance', 'Tests']] [['Contact', 'Resistance', 'Tests'], [], [], ['Pole', '#1'], ['Pole', '#2'], ['Pole', '#3']] [['Resistance', 'in'], [], ['As', 'Found:'], ['26'], ['24'], ['22']] [['Micro-Ohms'], ['As', 'Left:'], ['26'], ['24'], ['22']]",textract_results_d84321db1a0a4854fc8accc7fbb9faa470dcb7cf56ce3b111aa73b93eabd9362.json,4,BIGRID
a557f031-b6f8-4be5-8b3b-2c4fef92480a,"[['Operational', 'Tests']] [['Operational', 'Tests'], [], [], [], []] [['Manual', 'Open:'], ['OK'], ['Manual', 'Close:'], ['OK']] [['Electrically', 'Open:'], ['N/A'], ['Electrically', 'Close:'], ['N/A']] [['Manually', 'Charge:'], ['OK'], ['Electrically', 'Charge:'], ['N/A']] [['Trip', 'with', 'Protective', 'Devices:'], ['OK'], [], []]",textract_results_d84321db1a0a4854fc8accc7fbb9faa470dcb7cf56ce3b111aa73b93eabd9362.json,4,KVP
df3905f8-2b73-4fb1-84ec-a1d42a5786e0,"[['Visual', 'Inspection']] [['Visual', 'Inspection'], [], [], [], []] [['Circuit', 'Breaker:'], ['Cleaned'], ['Arc', 'Chutes:'], ['Normal']] [['Operating', 'Mechanism:'], ['Normal'], ['Cubicle:'], ['Normal']] [['Electrical', 'Connections:'], ['Normal'], ['Grounded:'], ['Yes']] [['Main', 'Contacts:'], ['Normal'], ['Auxiliary', 'Devices:'], ['N/A']] [['Arcing', 'Contacts:'], ['Normal'], ['Panel', 'Lights:'], ['N/A']] [['Contact', 'Sequence:'], ['Normal'], ['Racking', 'Mechanism'], ['N/A']] [['Auxiliary', 'Contacts:'], ['N/A'], ['Shunt', 'Trip', 'Operation:'], ['N/A']]",textract_results_d84321db1a0a4854fc8accc7fbb9faa470dcb7cf56ce3b111aa73b93eabd9362.json,4,KVP
0605a200-6880-4a13-af85-75853fb8dbee,"[['Customer:'], ['American', 'Family', 'Insurance']] [['Address:'], ['6000', 'American', 'Parkway', '-', 'Madison,', 'WI', '53783']] [['Owner:'], ['American', 'Family', 'Insurance']] [['Address:'], ['6000', 'American', 'Parkway', '-', 'Madison,', 'WI', '53783']]",textract_results_d84321db1a0a4854fc8accc7fbb9faa470dcb7cf56ce3b111aa73b93eabd9362.json,5,KVP
1ce87dc3-0070-4db2-b160-22c661c6b08a,"[['Date:'], ['5/23/21']] [['Work', 'Order:'], ['15129']] [['Temperature:'], ['25', '°C']] [['Humidity:'], ['69', '%']]",textract_results_d84321db1a0a4854fc8accc7fbb9faa470dcb7cf56ce3b111aa73b93eabd9362.json,5,KVP
ba1ae67e-74da-4891-9514-819ba4015910,"[['Trip', 'Unit', 'Information']] [['Trip', 'Unit', 'Information'], [], [], [], []] [['Manufacturer:'], ['Westinghouse'], ['Trip', 'Module', 'Ampere', 'Rating:'], ['1200']] [['Catalog', 'Number:'], ['N/A'], ['Model:'], ['Digitrip', 'RMS', '600']] [['Sensor', '(CT)', 'Ampere', 'Rating:'], ['1200'], ['Plug', 'Ampere', 'Rating:'], ['1200']]",textract_results_d84321db1a0a4854fc8accc7fbb9faa470dcb7cf56ce3b111aa73b93eabd9362.json,5,KVP
bb276138-2bd6-44d4-9ba8-a4452636fd59,"[['Nameplate', 'Information']] [['Nameplate', 'Information'], [], [], [], []] [['Manufacturer:'], ['Westinghouse'], ['Type:'], ['SPB100']] [['Model:'], ['SPB'], ['Serial', 'Number:'], ['N/A']] [['Catalog', 'Number:'], ['N/A'], ['Voltage', 'Rating:'], ['600', 'V', 'AC']] [['Frame', 'Ampere', 'Rating:'], ['1600'], ['Interrupting', 'kA', 'Rating:'], ['100', 'kA', '@', '480', 'V']] [['Tripping', 'Voltage:'], ['N/A'], ['Charging', 'Voltage:'], ['N/A']] [['Closing', 'Voltage:'], ['N/A'], ['Shunt', 'Trip', 'Voltage', 'Rating:'], ['N/A']]",textract_results_d84321db1a0a4854fc8accc7fbb9faa470dcb7cf56ce3b111aa73b93eabd9362.json,5,KVP
cec25446-561e-4f4a-9b5f-ed0f90e494cb,"[['Trip', 'Unit', 'Settings']] [['Trip', 'Unit', 'Settings'], [], [], [], [], []] [['Element'], ['Ranges'], ['As', 'Found'], ['As', 'Left'], ['As', 'Tested']] [['Long', 'Time', 'Element', 'Settings'], [], [], [], [], []] [['Long', 'Time', 'Pick', 'Up:'], ['0.5', '1'], ['1'], ['1'], ['1']] [['Long', 'Time', 'Delay:'], ['2', '24'], ['7'], ['7'], ['7']] [['Short', 'Time', 'Element', 'Settings'], [], [], [], [], []] [['Short', 'Time', 'Pick', 'Up:'], ['2', '8'], ['4'], ['4'], ['4']] [['Short', 'Time', 'Delay:'], ['0.1', '0.5'], ['0.1'], ['0.1'], ['0.1']] [['IT:'], ['In', '/', 'Out'], ['In'], ['In'], ['In']] [['Ground', 'Fault', 'Element', 'Settings'], [], [], [], [], []] [['Ground', 'Fault', 'Pick', 'Up:'], ['A', 'K'], ['C'], ['C'], ['C']] [['Ground', 'Fault', 'Delay:'], ['0.1', '0.5'], ['0.1'], ['0.1'], ['0.1']] [['I T:'], ['In', '/', 'Out'], ['In'], ['In'], ['In']] [['Instantaneous', 'Element', 'Settings'], [], [], [], [], []] [['Instantaneous', 'Pick', 'Up:'], ['2', '10'], ['6'], ['6'], ['4']]",textract_results_d84321db1a0a4854fc8accc7fbb9faa470dcb7cf56ce3b111aa73b93eabd9362.json,5,BIGRID_STACKED
41462d77-fadb-41d9-aa36-0bb1cafc989d,"[['Tested', 'By:', 'Mike', 'Ney,', 'Chris', 'Wenzel', '&', 'Jake', 'Stabb'], ['Comments:', 'The', 'circuit', 'breaker', 'is', 'acceptable', 'for', 'operation.'], ['Trip', 'Tests']] [['Trip', 'Tests'], [], [], [], [], []] [['Long', 'Time', 'Elements'], [], ['Pole', '#1'], ['Pole', '#2'], ['Pole', '#3']] [['Long', 'Time', 'Delay', 'in', 'Seconds', 'at', '300', '%', 'Pick', 'Up'], [], ['As', 'Found:'], ['22.7'], ['22.7'], ['22.7']] [['Equal', 'to', '3600', 'Amps'], ['As', 'Left:'], ['22.7'], ['22.7'], ['22.7']] [['Manufacturers', 'Curve', '18.7', 'to', '28', 'Seconds'], [], [], [], [], []] [['Short', 'Time', 'Elements'], [], [], [], []] [['Short', 'Time', 'Delay', 'in', 'Seconds', 'at', '150', '%', 'Pick', 'Up'], [], ['As', 'Found:'], ['0.25'], ['0.25'], ['0.25']] [['Equal', 'to', '7200', 'Amps'], ['As', 'Left:'], ['0.25'], ['0.25'], ['0.25']] [['Manufacturers', 'Curve', '0.14', 'to', '0.28', 'Seconds'], [], [], [], [], []] [['Ground', 'Fault', 'Elements'], [], [], [], []] [['Ground', 'Fault', 'Delay', 'in', 'Seconds', 'at', '150', '%', 'Pick', 'Up'], [], ['As', 'Found:'], ['0.23'], ['0.23'], ['0.23']] [['Equal', 'to', '630', 'Amps'], ['As', 'Left:'], ['0.23'], ['0.23'], ['0.23']] [['Manufacturers', 'Curve', '0.12', 'to', '0.24', 'Seconds'], [], [], [], [], []] [['Instantaneous', 'Elements'], [], [], [], []] [['Instantaneous', 'Pick', 'Up', 'in', 'Amperes'], [], ['As', 'Found:'], ['5012'], ['5012'], ['5012']] [['Manufacturers', 'Curve', '4320', 'to', '5280', 'Amperes'], ['As', 'Left:'], ['5012'], ['5012'], ['5012']]",textract_results_d84321db1a0a4854fc8accc7fbb9faa470dcb7cf56ce3b111aa73b93eabd9362.json,6,BIGRID_STACKED
4b9d31a4-be21-4407-bed2-6081394d12af,"[['Visual', 'Inspection']] [['Visual', 'Inspection'], [], [], [], []] [['Circuit', 'Breaker:'], ['Cleaned'], ['Arc', 'Chutes:'], ['Normal']] [['Operating', 'Mechanism:'], ['Normal'], ['Cubicle:'], ['Normal']] [['Electrical', 'Connections:'], ['Normal'], ['Grounded:'], ['Yes']] [['Main', 'Contacts:'], ['Normal'], ['Auxiliary', 'Devices:'], ['N/A']] [['Arcing', 'Contacts:'], ['Normal'], ['Panel', 'Lights:'], ['N/A']] [['Contact', 'Sequence:'], ['Normal'], ['Racking', 'Mechanism'], ['N/A']] [['Auxiliary', 'Contacts:'], ['N/A'], ['Shunt', 'Trip', 'Operation:'], ['N/A']]",textract_results_d84321db1a0a4854fc8accc7fbb9faa470dcb7cf56ce3b111aa73b93eabd9362.json,6,KVP
4f42dc20-a20b-41df-9153-25f21287f351,"[['Contact', 'Resistance', 'Tests']] [['Contact', 'Resistance', 'Tests'], [], [], ['Pole', '#1'], ['Pole', '#2'], ['Pole', '#3']] [['Resistance', 'in', 'Micro-Ohms'], [], ['As', 'Found:'], ['23'], ['20'], ['24']] [[], ['As', 'Left:'], ['23'], ['20'], ['24']]",textract_results_d84321db1a0a4854fc8accc7fbb9faa470dcb7cf56ce3b111aa73b93eabd9362.json,6,BIGRID
5e9cb53f-2efa-4a72-8425-d4604fe4f12c,"[['Operational', 'Tests']] [['Operational', 'Tests'], [], [], [], []] [['Manual', 'Open:'], ['OK'], ['Manual', 'Close:'], ['OK']] [['Electrically', 'Open:'], ['N/A'], ['Electrically', 'Close:'], ['N/A']] [['Manually', 'Charge:'], ['OK'], ['Electrically', 'Charge:'], ['N/A']] [['Trip', 'with', 'Protective', 'Devices:'], ['OK'], [], []]",textract_results_d84321db1a0a4854fc8accc7fbb9faa470dcb7cf56ce3b111aa73b93eabd9362.json,6,KVP
be1afde8-4634-4627-958e-3f76cb5b78bf,"[['Insulation', 'Resistance', 'Tests'], [], [], ['Pole', '#1'], ['Pole', '#2'], ['Pole', '#3']] [['Insulation', 'Resistance', 'Pole', 'to', 'Pole', 'in', 'Ohms'], [], ['As', 'Found:'], ['26.0', 'G'], ['36.6', 'G'], ['27.0', 'G']] [['at', '1', 'kV', 'DC', 'with', 'Contacts', 'Closed'], ['As', 'Left:'], ['26.0', 'G'], ['36.6', 'G'], ['27.0', 'G']] [['Insulation', 'Resistance', 'Across', 'Pole', 'in', 'Ohms'], [], ['As', 'Found:'], ['>100', 'G'], ['>100', 'G'], ['>100', 'G']] [['at', '1', 'kV', 'DC', 'with', 'Contacts', 'Opened'], ['As', 'Left:'], ['>100', 'G'], ['>100', 'G'], ['>100', 'G']]",textract_results_d84321db1a0a4854fc8accc7fbb9faa470dcb7cf56ce3b111aa73b93eabd9362.json,6,BIGRID_STACKED
2d720c7b-8590-48a6-8221-5fb641357c6b,"[['Nameplate', 'Information']] [['Nameplate', 'Information'], [], [], [], []] [['Manufacturer:'], ['Westinghouse'], ['Type:'], ['SPB100']] [['Model:'], ['SPB'], ['Serial', 'Number:'], ['N/A']] [['Catalog', 'Number:'], ['N/A'], ['Voltage', 'Rating:'], ['600', 'V', 'AC']] [['Frame', 'Ampere', 'Rating:'], ['800'], ['Interrupting', 'kA', 'Rating:'], ['100', 'kA', '@', '480', 'V']] [['Tripping', 'Voltage:'], ['N/A'], ['Charging', 'Voltage:'], ['N/A']] [['Closing', 'Voltage:'], ['N/A'], ['Shunt', 'Trip', 'Voltage', 'Rating:'], ['N/A']]",textract_results_d84321db1a0a4854fc8accc7fbb9faa470dcb7cf56ce3b111aa73b93eabd9362.json,7,KVP
3d41653f-450e-41b3-99bb-944d971fed44,"[['Date:'], ['5/23/21']] [['Work', 'Order:'], ['15129']] [['Temperature:'], ['25', '°C']] [['Humidity:'], ['69', '%']]",textract_results_d84321db1a0a4854fc8accc7fbb9faa470dcb7cf56ce3b111aa73b93eabd9362.json,7,KVP
60a4875d-36d1-4dbf-bd6f-925a597aaa46,"[['Trip', 'Unit', 'Information']] [['Trip', 'Unit', 'Information'], [], [], [], []] [['Manufacturer:'], ['Westinghouse'], ['Trip', 'Module', 'Ampere', 'Rating:'], ['800']] [['Catalog', 'Number:'], ['N/A'], ['Model:'], ['Digitrip', 'RMS', '600']] [['Sensor', '(CT)', 'Ampere', 'Rating:'], ['800'], ['Plug', 'Ampere', 'Rating:'], ['800']]",textract_results_d84321db1a0a4854fc8accc7fbb9faa470dcb7cf56ce3b111aa73b93eabd9362.json,7,KVP
c00edae2-55dd-450e-abe5-55239cc72df0,"[['Trip', 'Unit', 'Settings']] [['Trip', 'Unit', 'Settings'], [], [], [], [], []] [['Element'], ['Ranges'], ['As', 'Found'], ['As', 'Left'], ['As', 'Tested']] [['Long', 'Time', 'Element', 'Settings'], [], [], [], [], []] [['Long', 'Time', 'Pick', 'Up:'], ['0.5', '1.0'], ['1'], ['1'], ['1']] [['Long', 'Time', 'Delay:'], ['2', '24'], ['7'], ['7'], ['7']] [['Short', 'Time', 'Element', 'Settings'], [], [], [], [], []] [['Short', 'Time', 'Pick', 'Up:'], ['2', '8'], ['4'], ['4'], ['3']] [['Short', 'Time', 'Delay:'], ['0.1', '0.5'], ['0.1'], ['0.1'], ['0.1']] [['I T:'], ['In', '/', 'Out'], ['Out'], ['Out'], ['In']] [['Ground', 'Fault', 'Element', 'Settings'], [], [], [], [], []] [['Ground', 'Fault', 'Pick', 'Up:'], ['A', 'K'], ['K'], ['K'], ['C']] [['Ground', 'Fault', 'Delay:'], ['0.1', '0.5'], ['0.1'], ['0.1'], ['0.1']] [['I T:'], ['In', '/', 'Out'], ['Out'], ['Out'], ['In']] [['Instantaneous', 'Element', 'Settings'], [], [], [], [], []] [['Instantaneous', 'Pick', 'Up:'], ['2', '10'], ['10'], ['10'], ['4']]",textract_results_d84321db1a0a4854fc8accc7fbb9faa470dcb7cf56ce3b111aa73b93eabd9362.json,7,BIGRID_STACKED
da08d415-e6f1-431f-8ebe-f4955014d034,"[['Customer:'], ['American', 'Family', 'Insurance']] [['Address:'], ['6000', 'American', 'Parkway', '-', 'Madison,', 'WI', '53783']] [['Owner:'], ['American', 'Family', 'Insurance']] [['Address:'], ['6000', 'American', 'Parkway', '-', 'Madison,', 'WI', '53783']]",textract_results_d84321db1a0a4854fc8accc7fbb9faa470dcb7cf56ce3b111aa73b93eabd9362.json,7,KVP
27066795-7312-4472-9d9d-188f8ab12f67,"[['Insulation', 'Resistance', 'Tests'], [], [], ['Pole', '#1'], ['Pole', '#2'], ['Pole', '#3']] [['Insulation', 'Resistance', 'Pole', 'to', 'Pole', 'in', 'Ohms'], [], ['As', 'Found:'], ['24.8', 'G'], ['40.0', 'G'], ['21.1', 'G']] [['at', '1', 'kV', 'DC', 'with', 'Contacts', 'Closed'], ['As', 'Left:'], ['24.8', 'G'], ['40.0', 'G'], ['21.1', 'G']] [['Insulation', 'Resistance', 'Across', 'Pole', 'in', 'Ohms'], [], ['As', 'Found:'], ['>100', 'G'], ['>100', 'G'], ['>100', 'G']] [['at', '1', 'kV', 'DC', 'with', 'Contacts', 'Opened'], ['As', 'Left:'], ['>100', 'G'], ['>100', 'G'], ['>100', 'G']]",textract_results_d84321db1a0a4854fc8accc7fbb9faa470dcb7cf56ce3b111aa73b93eabd9362.json,8,BIGRID_STACKED
649cabd7-189c-48b6-a0bc-d0052b834b33,"[['Comments:', 'The', 'breaker', 'charging', 'handle', 'was', 'found', 'to', 'have', 'no', 'return', 'pressure', 'to', 'restore', 'handle', 'to', 'normal', 'position.', 'The', 'charging', 'handle', 'assembly', 'was', 'taken', 'apart', 'and', 'the', 'spring', 'was', 'found', 'to', 'be', 'out', 'of', 'position.', 'This', 'was', 'repaired', 'and', 'reassembled.', 'The', 'breaker', 'is', 'acceptable', 'for', 'operation.'], ['Trip', 'Tests']] [['Trip', 'Tests'], [], [], [], [], []] [['Long', 'Time', 'Elements'], [], ['Pole', '#1'], ['Pole', '#2'], ['Pole', '#3']] [['Long', 'Time', 'Delay', 'in', 'Seconds', 'at', '300', '%', 'Pick', 'Up'], [], ['As', 'Found:'], ['24.0'], ['24.0'], ['24.0']] [['Equal', 'to', '2400', 'Amps'], ['As', 'Left:'], ['24.0'], ['24.0'], ['24.0']] [['Manufacturers', 'Curve', '18.7', 'to', '28', 'Seconds'], [], [], [], [], []] [['Short', 'Time', 'Elements'], [], [], [], []] [['Short', 'Time', 'Delay', 'in', 'Seconds', 'at', '150', '%', 'Pick', 'Up'], [], ['As', 'Found:'], ['0.45'], ['0.45'], ['0.45']] [['Equal', 'to', '3600', 'Amps'], ['As', 'Left:'], ['0.45'], ['0.45'], ['0.45']] [['Manufacturers', 'Curve', '0.26', 'to', '0.50', 'Seconds'], [], [], [], [], []] [['Ground', 'Fault', 'Elements'], [], [], [], []] [['Ground', 'Fault', 'Delay', 'in', 'Seconds', 'at', '150', '%', 'Pick', 'Up'], [], ['As', 'Found:'], ['0.21'], ['0.21'], ['0.21']] [['Equal', 'to', '420', 'Amps'], ['As', 'Left:'], ['0.21'], ['0.21'], ['0.21']] [['Manufacturers', 'Curve', '0.12', 'to', '0.24', 'Seconds'], [], [], [], [], []] [['Instantaneous', 'Elements'], [], [], [], []] [['Instantaneous', 'Pick', 'Up', 'in', 'Amperes'], [], ['As', 'Found:'], ['3320'], ['3340'], ['3320']] [['Manufacturers', 'Curve', '2880', 'to', '3520', 'Amperes'], ['As', 'Left:'], ['3320'], ['3340'], ['3320']]",textract_results_d84321db1a0a4854fc8accc7fbb9faa470dcb7cf56ce3b111aa73b93eabd9362.json,8,BIGRID_STACKED
8a72e9d4-8be4-4730-b57c-4d1290784b10,"[['Visual', 'Inspection']] [['Visual', 'Inspection'], [], [], [], []] [['Circuit', 'Breaker:'], ['Cleaned'], ['Arc', 'Chutes:'], ['Normal']] [['Operating', 'Mechanism:'], ['Normal'], ['Cubicle:'], ['Normal']] [['Electrical', 'Connections:'], ['Normal'], ['Grounded:'], ['Yes']] [['Main', 'Contacts:'], ['Normal'], ['Auxiliary', 'Devices:'], ['N/A']] [['Arcing', 'Contacts:'], ['Normal'], ['Panel', 'Lights:'], ['N/A']] [['Contact', 'Sequence:'], ['Normal'], ['Racking', 'Mechanism'], ['N/A']] [['Auxiliary', 'Contacts:'], ['N/A'], ['Shunt', 'Trip', 'Operation:'], ['N/A']]",textract_results_d84321db1a0a4854fc8accc7fbb9faa470dcb7cf56ce3b111aa73b93eabd9362.json,8,KVP
9b93cbef-203e-49a3-9f53-c5b8b7bce9dc,"[['Contact', 'Resistance', 'Tests']] [['Contact', 'Resistance', 'Tests'], [], [], ['Pole', '#1'], ['Pole', '#2'], ['Pole', '#3']] [['Resistance', 'in', 'Micro-Ohms'], [], ['As', 'Found:'], ['21'], ['24'], ['22']] [[], ['As', 'Left:'], ['21'], ['24'], ['22']]",textract_results_d84321db1a0a4854fc8accc7fbb9faa470dcb7cf56ce3b111aa73b93eabd9362.json,8,BIGRID
ed4d53d5-2bd2-49af-a39c-ab23355fb89a,"[['Operational', 'Tests']] [['Operational', 'Tests'], [], [], [], []] [['Manual', 'Open:'], ['OK'], ['Manual', 'Close:'], ['OK']] [['Electrically', 'Open:'], ['N/A'], ['Electrically', 'Close:'], ['N/A']] [['Manually', 'Charge:'], ['OK'], ['Electrically', 'Charge:'], ['N/A']] [['Trip', 'with', 'Protective', 'Devices:'], ['OK'], [], []]",textract_results_d84321db1a0a4854fc8accc7fbb9faa470dcb7cf56ce3b111aa73b93eabd9362.json,8,KVP
29134615-d011-4ba0-923a-f5eca5937ce5,"[['Trip', 'Unit', 'Information']] [['Trip', 'Unit', 'Information'], [], [], [], []] [['Manufacturer:'], ['Westinghouse'], ['Trip', 'Module', 'Ampere', 'Rating:'], ['1200']] [['Catalog', 'Number:'], ['N/A'], ['Model:'], ['Digitrip', 'RMS', '600']] [['Sensor', '(CT)', 'Ampere', 'Rating:'], ['1200'], ['Plug', 'Ampere', 'Rating:'], ['1200']]",textract_results_d84321db1a0a4854fc8accc7fbb9faa470dcb7cf56ce3b111aa73b93eabd9362.json,9,KVP
2c8ea405-9dc5-4573-b01e-27692f18d293,"[['Trip', 'Unit', 'Settings']] [['Trip', 'Unit', 'Settings'], [], [], [], [], []] [['Element'], ['Ranges'], ['As', 'Found'], ['As', 'Left'], ['As', 'Tested']] [['Long', 'Time', 'Element', 'Settings'], [], [], [], [], []] [['Long', 'Time', 'Pick', 'Up:'], ['0.5', '1.0'], ['1'], ['1'], ['1']] [['Long', 'Time', 'Delay:'], ['2', '24'], ['2'], ['2'], ['7']] [['Short', 'Time', 'Element', 'Settings'], [], [], [], [], []] [['Short', 'Time', 'Pick', 'Up:'], ['2', '8'], ['4'], ['4'], ['3']] [['Short', 'Time', 'Delay:'], ['0.1', '0.5'], ['0.1'], ['0.1'], ['0.1']] [['IT:'], ['In', '/', 'Out'], ['Out'], ['In'], ['Fixed']] [['Ground', 'Fault', 'Element', 'Settings'], [], [], [], [], []] [['Ground', 'Fault', 'Pick', 'Up:'], ['A', 'K'], ['H'], ['H'], ['C']] [['Ground', 'Fault', 'Delay:'], ['0.1', '0.5'], ['0.1'], ['0.1'], ['0.1']] [['I T:'], ['In', '/', 'Out'], ['Out'], ['In'], ['In']] [['Instantaneous', 'Element', 'Settings'], [], [], [], [], []] [['Instantaneous', 'Pick', 'Up:'], ['2', '10'], ['10'], ['10'], ['4']]",textract_results_d84321db1a0a4854fc8accc7fbb9faa470dcb7cf56ce3b111aa73b93eabd9362.json,9,BIGRID_STACKED
9af06477-bc6e-41e4-bc30-bd8390df28b4,"[['Date:'], ['5/23/21']] [['Work', 'Order:'], ['15129']] [['Temperature:'], ['25', '°C']] [['Humidity:'], ['60', '%']]",textract_results_d84321db1a0a4854fc8accc7fbb9faa470dcb7cf56ce3b111aa73b93eabd9362.json,9,KVP
b1fc9956-6579-40f3-9196-1fe0c74f08a1,"[['Nameplate', 'Information']] [['Nameplate', 'Information'], [], [], [], []] [['Manufacturer:'], ['Westinghouse'], ['Type:'], ['SPB100']] [['Model:'], ['SPB'], ['Serial', 'Number:'], ['N/A']] [['Catalog', 'Number:'], ['N/A'], ['Voltage', 'Rating:'], ['600', 'V', 'AC']] [['Frame', 'Ampere', 'Rating:'], ['1600'], ['Interrupting', 'kA', 'Rating:'], ['100', 'kA', '@', '480', 'V']] [['Tripping', 'Voltage:'], ['N/A'], ['Charging', 'Voltage:'], ['N/A']] [['Closing', 'Voltage:'], ['N/A'], ['Shunt', 'Trip', 'Voltage', 'Rating:'], ['N/A']]",textract_results_d84321db1a0a4854fc8accc7fbb9faa470dcb7cf56ce3b111aa73b93eabd9362.json,9,KVP
f5456c8c-5d0e-4ec7-9981-0032ed86bb96,"[['Customer:'], ['American', 'Family', 'Insurance']] [['Address:'], ['6000', 'American', 'Parkway', '-', 'Madison,', 'WI', '53783']] [['Owner:'], ['American', 'Family', 'Insurance']] [['Address:'], ['6000', 'American', 'Parkway', '-', 'Madison,', 'WI', '53783']]",textract_results_d84321db1a0a4854fc8accc7fbb9faa470dcb7cf56ce3b111aa73b93eabd9362.json,9,KVP
054e230e-2ab8-4269-9a91-7683b583dbbd,"[['Visual', 'Inspection']] [['Visual', 'Inspection'], [], [], [], []] [['Circuit', 'Breaker:'], ['Cleaned'], ['Arc', 'Chutes:'], ['Normal']] [['Operating', 'Mechanism:'], ['Normal'], ['Cubicle:'], ['Normal']] [['Electrical', 'Connections:'], ['Normal'], ['Grounded:'], ['Yes']] [['Main', 'Contacts:'], ['Normal'], ['Auxiliary', 'Devices:'], ['N/A']] [['Arcing', 'Contacts:'], ['Normal'], ['Panel', 'Lights:'], ['N/A']] [['Contact', 'Sequence:'], ['Normal'], ['Racking', 'Mechanism'], ['N/A']] [['Auxiliary', 'Contacts:'], ['N/A'], ['Shunt', 'Trip', 'Operation:'], ['N/A']]",textract_results_d84321db1a0a4854fc8accc7fbb9faa470dcb7cf56ce3b111aa73b93eabd9362.json,10,KVP
2a4cf79a-1303-4377-a91c-a14407907d2b,"[['Contact', 'Resistance', 'Tests']] [['Contact', 'Resistance', 'Tests'], [], [], ['Pole', '#1'], ['Pole', '#2'], ['Pole', '#3']] [['Resistance', 'in', 'Micro-Ohms'], [], ['As', 'Found:'], ['19'], ['19'], ['21']] [[], ['As', 'Left:'], ['19'], ['19'], ['21']]",textract_results_d84321db1a0a4854fc8accc7fbb9faa470dcb7cf56ce3b111aa73b93eabd9362.json,10,BIGRID
5a2b47e8-949d-4251-8449-8acd38fe639d,"[['Operational', 'Tests']] [['Operational', 'Tests'], [], [], [], []] [['Manual', 'Open:'], ['OK'], ['Manual', 'Close:'], ['OK']] [['Electrically', 'Open:'], ['N/A'], ['Electrically', 'Close:'], ['N/A']] [['Manually', 'Charge:'], ['OK'], ['Electrically', 'Charge:'], ['N/A']] [['Trip', 'with', 'Protective', 'Devices:'], ['OK'], [], []]",textract_results_d84321db1a0a4854fc8accc7fbb9faa470dcb7cf56ce3b111aa73b93eabd9362.json,10,KVP
7f71598f-8452-4421-b5f3-755013dd308c,"[['Tested', 'By:', 'Mike', 'Ney,', 'Chris', 'Wenzel', '&', 'Jake', 'Stabb'], ['Comments:', 'The', 'circuit', 'breaker', 'is', 'acceptable', 'for', 'operation.'], ['Trip', 'Tests']] [['Trip', 'Tests'], [], [], [], [], []] [['Long', 'Time', 'Elements'], [], ['Pole', '#1'], ['Pole', '#2'], ['Pole', '#3']] [['Long', 'Time', 'Delay', 'in', 'Seconds', 'at', '300', '%', 'Pick', 'Up'], [], ['As', 'Found:'], ['24.1'], ['24.1'], ['24.1']] [['Equal', 'to', '3600', 'Amps'], ['As', 'Left:'], ['24.1'], ['24.1'], ['24.1']] [['Manufacturers', 'Curve', '18.7', 'to', '28', 'Seconds'], [], [], [], [], []] [['Short', 'Time', 'Elements'], [], [], [], []] [['Short', 'Time', 'Delay', 'in', 'Seconds', 'at', '150', '%', 'Pick', 'Up'], [], ['As', 'Found:'], ['0.37'], ['0.37'], ['0.37']] [['Equal', 'to', '5400', 'Amps'], ['As', 'Left:'], ['0.37'], ['0.37'], ['0.37']] [['Manufacturers', 'Curve', '0.24', 'to', '0.38', 'Seconds'], [], [], [], [], []] [['Ground', 'Fault', 'Elements'], [], [], [], []] [['Ground', 'Fault', 'Delay', 'in', 'Seconds', 'at', '150', '%', 'Pick', 'Up'], [], ['As', 'Found:'], ['0.19'], ['0.19'], ['0.19']] [['Equal', 'to', '630', 'Amps'], ['As', 'Left:'], ['0.19'], ['0.19'], ['0.19']] [['Manufacturers', 'Curve', '0.12', 'to', '0.24', 'Seconds'], [], [], [], [], []] [['Instantaneous', 'Elements'], [], [], [], []] [['Instantaneous', 'Pick', 'Up', 'in', 'Amperes'], [], ['As', 'Found:'], ['4899'], ['4899'], ['4899']] [['Manufacturers', 'Curve', '3840', 'to', '5760', 'Amperes'], ['As', 'Left:'], ['4899'], ['4899'], ['4899']]",textract_results_d84321db1a0a4854fc8accc7fbb9faa470dcb7cf56ce3b111aa73b93eabd9362.json,10,BIGRID_STACKED
bde2a051-6004-417b-89ab-42a1c545d60c,"[['Insulation', 'Resistance', 'Tests'], [], [], ['Pole', '#1'], ['Pole', '#2'], ['Pole', '#3']] [['Insulation', 'Resistance', 'Pole', 'to', 'Pole', 'in', 'Ohms'], [], ['As', 'Found:'], ['44.0', 'G'], ['46.2', 'G'], ['45.8', 'G']] [['at', '1', 'kV', 'DC', 'with', 'Contacts', 'Closed'], ['As', 'Left:'], ['44.0', 'G'], ['46.2', 'G'], ['45.8', 'G']] [['Insulation', 'Resistance', 'Across', 'Pole', 'in', 'Ohms'], [], ['As', 'Found:'], ['>100', 'G'], ['>100', 'G'], ['>100', 'G']] [['at', '1', 'kV', 'DC', 'with', 'Contacts', 'Opened'], ['As', 'Left:'], ['>100', 'G'], ['>100', 'G'], ['>100', 'G']]",textract_results_d84321db1a0a4854fc8accc7fbb9faa470dcb7cf56ce3b111aa73b93eabd9362.json,10,BIGRID_STACKED
00c49335-f0f5-42be-9e5d-9a7d2e390ea1,"[['Trip', 'Unit', 'Information']] [['Trip', 'Unit', 'Information'], [], [], [], []] [['Manufacturer:'], ['Square', 'D'], ['Trip', 'Module', 'Ampere', 'Rating:'], ['1600']] [['Catalog', 'Number:'], ['N/A'], ['Model:'], ['Micrologic']] [['Sensor', '(CT)', 'Ampere', 'Rating:'], ['1600'], ['Plug', 'Ampere', 'Rating:'], ['1600']]",textract_results_d84321db1a0a4854fc8accc7fbb9faa470dcb7cf56ce3b111aa73b93eabd9362.json,11,KVP
04887bc5-11cd-4274-8fb8-168de40e7b16,"[['Date:'], ['6/26/21']] [['Work', 'Order:'], ['15177']] [['Temperature:'], ['24', '°C']] [['Humidity:'], ['61', '%']]",textract_results_d84321db1a0a4854fc8accc7fbb9faa470dcb7cf56ce3b111aa73b93eabd9362.json,11,KVP
6bcc45c7-6aa1-409f-ad13-36c3a9161907,"[['Nameplate', 'Information']] [['Nameplate', 'Information'], [], [], [], []] [['Manufacturer:'], ['Square', 'D'], ['Type:'], ['RL1600']] [['Model:'], ['PowerPact'], ['Serial', 'Number:'], ['06409930420011']] [['Catalog', 'Number:'], ['0320-2164-03'], ['Voltage', 'Rating:'], ['600']] [['Frame', 'Ampere', 'Rating:'], ['1600'], ['Interrupting', 'kA', 'Rating:'], ['35', 'kA', '@', '480', 'V']] [['Tripping', 'Voltage:'], ['N/A'], ['Charging', 'Voltage:'], ['N/A']] [['Closing', 'Voltage:'], ['N/A'], ['Shunt', 'Trip', 'Voltage', 'Rating:'], ['N/A']]",textract_results_d84321db1a0a4854fc8accc7fbb9faa470dcb7cf56ce3b111aa73b93eabd9362.json,11,KVP
94bb81f9-7262-4de0-a312-97b857ed5799,"[['Trip', 'Unit', 'Settings']] [['Trip', 'Unit', 'Settings'], [], [], [], [], []] [['Element'], ['Ranges'], ['As', 'Found'], ['As', 'Left'], ['As', 'Tested']] [['Long', 'Time', 'Element', 'Settings'], [], [], [], [], []] [['Long', 'Time', 'Pick', 'Up:'], ['0.84', '-', '1'], ['1'], ['1'], ['1']] [['Long', 'Time', 'Delay:'], ['0.5', '24'], ['24'], ['24'], ['4']] [['Short', 'Time', 'Element', 'Settings'], [], [], [], [], []] [['Short', 'Time', 'Pick', 'Up:'], ['N/A'], [], [], []] [['Short', 'Time', 'Delay:'], ['N/A'], [], [], []] [['I T:'], ['N/A'], [], [], []] [['Ground', 'Fault', 'Element', 'Settings'], [], [], [], [], []] [['Ground', 'Fault', 'Pick', 'Up:'], ['N/A'], [], [], []] [['Ground', 'Fault', 'Delay:'], ['N/A'], [], [], []] [['I T:'], ['N/A'], [], [], []] [['Instantaneous', 'Element', 'Settings'], [], [], [], [], []] [['Instantaneous', 'Pick', 'Up:'], ['1.5', '-', '12'], ['8'], ['8'], ['4']]",textract_results_d84321db1a0a4854fc8accc7fbb9faa470dcb7cf56ce3b111aa73b93eabd9362.json,11,BIGRID_STACKED
c147cecd-b186-4145-8be2-15a960508d21,"[['Customer:'], ['American', 'Family', 'Insurance']] [['Address:'], ['302', 'N', 'Walbridge', 'Ave', '-', 'Madison,', 'WI', '53714']] [['Owner:'], ['American', 'Family', 'Insurance', '-', 'Cottage', 'Court']] [['Address:'], ['718', 'Cottage', 'Court', '-', 'Madison,', 'WI', '53716']]",textract_results_d84321db1a0a4854fc8accc7fbb9faa470dcb7cf56ce3b111aa73b93eabd9362.json,11,KVP
0d9286e3-f958-49a9-a8df-de8067fb430f,"[['Comments:', 'The', 'circuit', 'breaker', 'is', 'acceptable', 'for', 'operation.'], ['Trip', 'Tests']] [['Trip', 'Tests'], [], [], [], [], []] [['Long', 'Time', 'Elements'], [], ['Pole', '#1'], ['Pole', '#2'], ['Pole', '#3']] [['Long', 'Time', 'Delay', 'in', 'Seconds', 'at', '300', '%', 'Pick', 'Up'], [], ['As', 'Found:'], ['14.9'], ['15.1'], ['14.7']] [['Equal', 'to', '4800', 'Amps'], ['As', 'Left:'], ['14.9'], ['15.1'], ['14.7']] [['Manufacturers', 'Curve', '12', 'to', '17', 'Seconds'], [], [], [], [], []] [['Short', 'Time', 'Elements'], [], [], [], []] [['Short', 'Time', 'Delay', 'in', 'Seconds', 'at', '%', 'Pick', 'Up'], [], ['As', 'Found:'], [], [], []] [['Equal', 'to', 'Amps'], ['As', 'Left:'], [], [], []] [['Manufacturers', 'Curve', 'to', 'Seconds'], [], [], [], [], []] [['Ground', 'Fault', 'Elements'], [], [], [], []] [['Ground', 'Fault', 'Delay', 'in', 'Seconds', 'at', '%', 'Pick', 'Up'], [], ['As', 'Found:'], [], [], []] [['Equal', 'to', 'Amps'], ['As', 'Left:'], [], [], []] [['Manufacturers', 'Curve', 'to', 'Seconds'], [], [], [], [], []] [['Instantaneous', 'Elements'], [], [], [], []] [['Instantaneous', 'Pick', 'Up', 'in', 'Amperes'], [], ['As', 'Found:'], ['6410'], ['6360'], ['6490']] [['Manufacturers', 'Curve', '5600', 'to', '7200', 'Amperes'], ['As', 'Left:'], ['6410'], ['6360'], ['6490']]",textract_results_d84321db1a0a4854fc8accc7fbb9faa470dcb7cf56ce3b111aa73b93eabd9362.json,12,BIGRID_STACKED
578d7dc1-0e4b-4aec-8cde-15bfc4573516,"[['Operational', 'Tests']] [['Operational', 'Tests'], [], [], [], []] [['Manual', 'Open:'], ['OK'], ['Manual', 'Close:'], ['OK']] [['Electrically', 'Open:'], ['N/A'], ['Electrically', 'Close:'], ['N/A']] [['Manually', 'Charge:'], ['OK'], ['Electrically', 'Charge:'], ['N/A']] [['Trip', 'with', 'Protective', 'Devices:'], ['N/A'], [], []]",textract_results_d84321db1a0a4854fc8accc7fbb9faa470dcb7cf56ce3b111aa73b93eabd9362.json,12,KVP
99fe1794-4e5d-45b7-98f2-4f6c463cef6f,"[['Insulation', 'Resistance', 'Tests'], [], [], ['Pole', '#1'], ['Pole', '#2'], ['Pole', '#3']] [['Insulation', 'Resistance', 'Pole', 'to', 'Pole', 'in', 'Ohms'], [], ['As', 'Found:'], ['53.5', 'G'], ['13.8', 'G'], ['14.5', 'G']] [['at', '1', 'kV', 'DC', 'with', 'Contacts', 'Closed'], ['As', 'Left:'], ['53.5', 'G'], ['13.8', 'G'], ['14.5', 'G']] [['Insulation', 'Resistance', 'Across', 'Pole', 'in', 'Ohms'], [], ['As', 'Found:'], ['68', 'G'], ['54', 'G'], ['70', 'G']] [['at', '1', 'kV', 'DC', 'with', 'Contacts', 'Opened'], ['As', 'Left:'], ['68', 'G'], ['54', 'G'], ['70', 'G']]",textract_results_d84321db1a0a4854fc8accc7fbb9faa470dcb7cf56ce3b111aa73b93eabd9362.json,12,BIGRID_STACKED
a370b725-ad56-4eca-9ef6-5a4e5a4a0ffb,"[['Contact', 'Resistance', 'Tests']] [['Contact', 'Resistance', 'Tests'], [], [], ['Pole', '#1'], ['Pole', '#2'], ['Pole', '#3']] [['Resistance', 'in', 'Micro-Ohms'], [], ['As', 'Found:'], ['20'], ['16'], ['15']] [[], ['As', 'Left:'], ['20'], ['16'], ['15']]",textract_results_d84321db1a0a4854fc8accc7fbb9faa470dcb7cf56ce3b111aa73b93eabd9362.json,12,BIGRID
a67499de-ff4c-42bf-9b9c-c3b0b40a2bf4,"[['Visual', 'Inspection']] [['Visual', 'Inspection'], [], [], [], []] [['Circuit', 'Breaker:'], ['Cleaned'], ['Arc', 'Chutes:'], ['Cleaned']] [['Operating', 'Mechanism:'], ['Lubricated'], ['Cubicle:'], ['Cleaned']] [['Electrical', 'Connections:'], ['Normal'], ['Grounded:'], ['Yes']] [['Main', 'Contacts:'], ['Normal'], ['Auxiliary', 'Devices:'], ['N/A']] [['Arcing', 'Contacts:'], ['Normal'], ['Panel', 'Lights:'], ['N/A']] [['Contact', 'Sequence:'], ['Normal'], ['Racking', 'Mechanism'], ['Normal']] [['Auxiliary', 'Contacts:'], ['Normal'], ['Shunt', 'Trip', 'Operation:'], ['Normal']]",textract_results_d84321db1a0a4854fc8accc7fbb9faa470dcb7cf56ce3b111aa73b93eabd9362.json,12,KVP
5366f94e-4577-4e18-b838-f2fbe0e66a95,"[['Nameplate', 'Information']] [['Nameplate', 'Information'], [], [], [], []] [['Manufacturer:'], ['Square', 'D'], ['Type:'], ['RL1600']] [['Model:'], ['PowerPact'], ['Serial', 'Number:'], ['06409930420014']] [['Catalog', 'Number:'], ['0320-2164-03'], ['Voltage', 'Rating:'], ['600']] [['Frame', 'Ampere', 'Rating:'], ['1600'], ['Interrupting', 'kA', 'Rating:'], ['35', 'kA', '@', '480', 'V']] [['Tripping', 'Voltage:'], ['N/A'], ['Charging', 'Voltage:'], ['N/A']] [['Closing', 'Voltage:'], ['N/A'], ['Shunt', 'Trip', 'Voltage', 'Rating:'], ['N/A']]",textract_results_d84321db1a0a4854fc8accc7fbb9faa470dcb7cf56ce3b111aa73b93eabd9362.json,13,KVP
69c24bf8-3cc4-424c-9ce5-fe87e7342bc6,"[['Customer:'], ['American', 'Family', 'Insurance']] [['Address:'], ['302', 'N', 'Walbridge', 'Ave', '-', 'Madison,', 'WI', '53714']] [['Owner:'], ['American', 'Family', 'Insurance', '-', 'Cottage', 'Court']] [['Address:'], ['718', 'Cottage', 'Court', '-', 'Madison,', 'WI', '53716']]",textract_results_d84321db1a0a4854fc8accc7fbb9faa470dcb7cf56ce3b111aa73b93eabd9362.json,13,KVP
9f6aba42-66cf-46b2-90d6-375bca5dcabc,"[['Date:'], ['6/26/21']] [['Work', 'Order:'], ['15177']] [['Temperature:'], ['24', '°C']] [['Humidity:'], ['61', '%']]",textract_results_d84321db1a0a4854fc8accc7fbb9faa470dcb7cf56ce3b111aa73b93eabd9362.json,13,KVP
cb50b6a2-bc57-4566-b07f-d07056d1e690,"[['Trip', 'Unit', 'Settings']] [['Trip', 'Unit', 'Settings'], [], [], [], [], []] [['Element'], ['Ranges'], ['As', 'Found'], ['As', 'Left'], ['As', 'Tested']] [['Long', 'Time', 'Element', 'Settings'], [], [], [], [], []] [['Long', 'Time', 'Pick', 'Up:'], ['0.84', '1'], ['1'], ['1'], ['1']] [['Long', 'Time', 'Delay:'], ['0.5', '24'], ['24'], ['24'], ['4']] [['Short', 'Time', 'Element', 'Settings'], [], [], [], [], []] [['Short', 'Time', 'Pick', 'Up:'], ['N/A'], [], [], []] [['Short', 'Time', 'Delay:'], ['N/A'], [], [], []] [['I T:'], ['N/A'], [], [], []] [['Ground', 'Fault', 'Element', 'Settings'], [], [], [], [], []] [['Ground', 'Fault', 'Pick', 'Up:'], ['N/A'], [], [], []] [['Ground', 'Fault', 'Delay:'], ['N/A'], [], [], []] [['I T:'], ['N/A'], [], [], []] [['Instantaneous', 'Element', 'Settings'], [], [], [], [], []] [['Instantaneous', 'Pick', 'Up:'], ['1.5', '-', '12'], ['8'], ['8'], ['4']]",textract_results_d84321db1a0a4854fc8accc7fbb9faa470dcb7cf56ce3b111aa73b93eabd9362.json,13,BIGRID_STACKED
f8738015-f64f-4054-bbd2-f717fdcaeb64,"[['Trip', 'Unit', 'Information']] [['Trip', 'Unit', 'Information'], [], [], [], []] [['Manufacturer:'], ['Square', 'D'], ['Trip', 'Module', 'Ampere', 'Rating:'], ['1600']] [['Catalog', 'Number:'], ['N/A'], ['Model:'], ['Micrologic']] [['Sensor', '(CT)', 'Ampere', 'Rating:'], ['1600'], ['Plug', 'Ampere', 'Rating:'], ['1600']]",textract_results_d84321db1a0a4854fc8accc7fbb9faa470dcb7cf56ce3b111aa73b93eabd9362.json,13,KVP
1b101b82-2868-4037-9e3f-7b3d0f4c2121,"[['Trip', 'Tests']] [['Trip', 'Tests'], [], [], [], [], []] [['Long', 'Time', 'Elements'], [], ['Pole', '#1'], ['Pole', '#2'], ['Pole', '#3']] [['Long', 'Time', 'Delay', 'in', 'Seconds', 'at', '300', '%', 'Pick', 'Up'], [], ['As', 'Found:'], ['14.2'], ['14.0'], ['14.9']] [['Equal', 'to', '4800', 'Amps'], ['As', 'Left:'], ['14.2'], ['14.0'], ['14.9']] [['Manufacturers', 'Curve', '12', 'to', '17', 'Seconds'], [], [], [], [], []] [['Short', 'Time', 'Elements'], [], [], [], []] [['Short', 'Time', 'Delay', 'in', 'Seconds', 'at', '%', 'Pick', 'Up'], [], ['As', 'Found:'], [], [], []] [['Equal', 'to', 'Amps'], ['As', 'Left:'], [], [], []] [['Manufacturers', 'Curve', 'to', 'Seconds'], [], [], [], [], []] [['Ground', 'Fault', 'Elements'], [], [], [], []] [['Ground', 'Fault', 'Delay', 'in', 'Seconds', 'at', '%', 'Pick', 'Up'], [], ['As', 'Found:'], [], [], []] [['Equal', 'to', 'Amps'], ['As', 'Left:'], [], [], []] [['Manufacturers', 'Curve', 'to', 'Seconds'], [], [], [], [], []] [['Instantaneous', 'Elements'], [], [], [], []] [['Instantaneous', 'Pick', 'Up', 'in', 'Amperes'], [], ['As', 'Found:'], ['7120'], ['7001'], ['6890']] [['Manufacturers', 'Curve', '5600', 'to', '7200', 'Amperes'], ['As', 'Left:'], ['7120'], ['7001'], ['6890']]",textract_results_d84321db1a0a4854fc8accc7fbb9faa470dcb7cf56ce3b111aa73b93eabd9362.json,14,BIGRID_STACKED
623efd35-7f11-4ef3-a5e8-1c2c6f44c455,"[['Insulation', 'Resistance', 'Tests']] [['Insulation', 'Resistance', 'Tests'], [], [], ['Pole', '#1'], ['Pole', '#2'], ['Pole', '#3']] [['Insulation', 'Resistance', 'Pole', 'to', 'Pole', 'in', 'Ohms'], [], ['As', 'Found:'], ['14', 'G'], ['15.1', 'G'], ['28.6', 'G']] [['at', '1', 'kV', 'DC', 'with', 'Contacts', 'Closed'], ['As', 'Left:'], ['14', 'G'], ['15.1', 'G'], ['28.6', 'G']] [['Insulation', 'Resistance', 'Across', 'Pole', 'in', 'Ohms'], [], ['As', 'Found:'], ['56', 'G'], ['63', 'G'], ['60', 'G']] [['at', '1', 'kV', 'DC', 'with', 'Contacts', 'Opened'], ['As', 'Left:'], ['56', 'G'], ['63', 'G'], ['60', 'G']]",textract_results_d84321db1a0a4854fc8accc7fbb9faa470dcb7cf56ce3b111aa73b93eabd9362.json,14,BIGRID_STACKED
6ed452b7-685e-4ef3-9fa3-3104d57a80ab,"[['Visual', 'Inspection']] [['Visual', 'Inspection'], [], [], [], []] [['Circuit', 'Breaker:'], ['Cleaned'], ['Arc', 'Chutes:'], ['Cleaned']] [['Operating', 'Mechanism:'], ['Lubricated'], ['Cubicle:'], ['Cleaned']] [['Electrical', 'Connections:'], ['Normal'], ['Grounded:'], ['Yes']] [['Main', 'Contacts:'], ['Normal'], ['Auxiliary', 'Devices:'], ['N/A']] [['Arcing', 'Contacts:'], ['Normal'], ['Panel', 'Lights:'], ['N/A']] [['Contact', 'Sequence:'], ['Normal'], ['Racking', 'Mechanism'], ['Normal']] [['Auxiliary', 'Contacts:'], ['Normal'], ['Shunt', 'Trip', 'Operation:'], ['Normal']]",textract_results_d84321db1a0a4854fc8accc7fbb9faa470dcb7cf56ce3b111aa73b93eabd9362.json,14,KVP
931f8b85-c0a1-41d6-8a94-36a0170ab5ec,"[['Contact', 'Resistance', 'Tests']] [['Contact', 'Resistance', 'Tests'], [], [], ['Pole', '#1'], ['Pole', '#2'], ['Pole', '#3']] [['Resistance', 'in', 'Micro-Ohms'], [], ['As', 'Found:'], ['19'], ['18'], ['18']] [[], ['As', 'Left:'], ['19'], ['18'], ['18']]",textract_results_d84321db1a0a4854fc8accc7fbb9faa470dcb7cf56ce3b111aa73b93eabd9362.json,14,BIGRID
97a8c2b8-cec2-430b-a05e-59da19200333,"[['Operational', 'Tests']] [['Operational', 'Tests'], [], [], [], []] [['Manual', 'Open:'], ['OK'], ['Manual', 'Close:'], ['OK']] [['Electrically', 'Open:'], ['N/A'], ['Electrically', 'Close:'], ['N/A']] [['Manually', 'Charge:'], ['OK'], ['Electrically', 'Charge:'], ['N/A']] [['Trip', 'with', 'Protective', 'Devices:'], ['N/A'], [], []]",textract_results_d84321db1a0a4854fc8accc7fbb9faa470dcb7cf56ce3b111aa73b93eabd9362.json,14,KVP
